code,system
Eu73000,readv2
Eu7zy00,readv2
Eu71z00,readv2
Eu7z.12,readv2
E3...00,readv2
E312.00,readv2
Eu73z00,readv2
Eu84400,readv2
Eu70y00,readv2
E31z.00,readv2
Eu72y00,readv2
E31..00,readv2
Eu84112,readv2
Eu7y000,readv2
E3y..00,readv2
Eu72.00,readv2
Eu7z000,readv2
Eu7y.00,readv2
Eu7z.11,readv2
E311.00,readv2
E30..00,readv2
Eu7yy00,readv2
Eu73y00,readv2
Eu72z00,readv2
Eu70.00,readv2
Eu72000,readv2
E310.00,readv2
Eu7z.00,readv2
Eu7zz00,readv2
Eu73.11,readv2
Eu71.00,readv2
Eu71000,readv2
Eu71.11,readv2
Eu73.00,readv2
Eu70000,readv2
Eu72.11,readv2
E3z..00,readv2
Eu7..00,readv2
Eu7yz00,readv2
Eu70z00,readv2
Eu70.12,readv2
F79,readv2
F71,readv2
F78,readv2
F72,readv2
F73,readv2
F70,readv2
E310.11,readv2
9mA2200,readv2
9mA2000,readv2
9mA2.00,readv2
9mA1.00,readv2
9mA2100,readv2
9mA..00,readv2
9mA0.00,readv2
9HB..00,readv2
918e.00,readv2
Eu81z12,readv2
Eu81z11,readv2
Eu81600,readv2
Eu81z13,readv2
94Z9.00,readv2
Eu71100,readv2
Eu7y100,readv2
Eu70100,readv2
Eu7z100,readv2
Eu72100,readv2
9HB7.00,readv2
9HB7.11,readv2
Eu73100,readv2
Eu81700,readv2
Eu81400,readv2
9HB1.00,readv2
9HB4.00,readv2
9HB2.00,readv2
Eu81800,readv2
E2F2.00,readv2
9HB3.00,readv2
9HB5.00,readv2
Eu81500,readv2
9HB6.00,readv2
9HB0.00,readv2
9HB6.11,readv2
E30..11,readv2
E30..13,readv2
Eu81z00,readv2
F81.9,readv2
E30..12,readv2
E312.11,readv2
Eu71y00,readv2
57199.0,readv2
66383.0,readv2
39412.0,readv2
4477.0,readv2
63273.0,readv2
98293.0,readv2
60913.0,readv2
42589.0,readv2
1787.0,readv2
54179.0,readv2
70102.0,readv2
51954.0,readv2
46504.0,readv2
302.0,readv2
37911.0,readv2
60062.0,readv2
56577.0,readv2
56547.0,readv2
60473.0,readv2
50606.0,readv2
55560.0,readv2
71196.0,readv2
1680.0,readv2
100648.0,readv2
45133.0,readv2
28962.0,readv2
37887.0,readv2
34174.0,readv2
42520.0,readv2
34734.0,readv2
90276.0,readv2
4672.0,readv2
98342.0,readv2
37867.0,readv2
1362.0,readv2
42886.0,readv2
66783.0,readv2
59407.0,readv2
55848.0,readv2
50751.0,readv2
51622.0,readv2
71632.0,readv2
27691.0,readv2
50947.0,readv2
28740.0,readv2
65468.0,readv2
70008.0,readv2
6123.0,readv2
33949.0,readv2
52602.0,readv2
6516.0,readv2
36143.0,readv2
107968.0,readv2
36045.0,readv2
98100.0,readv2
54881.0,readv2
51268.0,readv2
32820.0,readv2
39016.0,readv2
99774.0,readv2
16855.0,readv2
4825.0,readv2
1278.0,readv2
106219.0,readv2
32952.0,readv2
22760.0,readv2
19445.0,readv2
102234.0,readv2
106249.0,readv2
100730.0,readv2
32511.0,readv2
108881.0,readv2
106247.0,readv2
106248.0,readv2
106272.0,readv2
41391.0,readv2
43447.0,readv2
43445.0,readv2
106274.0,readv2
100965.0,readv2
43436.0,readv2
106276.0,readv2
100729.0,readv2